state,test_year,district_id,district_name,leaid,classes,flagged_t95,pflagged_t95,predicted,binprob
WI,2007,1015,CEDARBURG,5502460,8,0,0,0,1
WI,2007,1029,CEDAR GROVE,5502430,6,1,0.1667,0,0.27138397
WI,2007,1078,CHETEK,5502490,8,0,0,0,1
WI,2007,1085,CHILTON,5502520,6,0,0,0,1
WI,2007,1092,CHIPPEWA FALLS,5502550,12,0,0,1,1
WI,2007,112,ALTOONA,5500270,8,0,0,0,1
WI,2007,1134,CLINTON,5502640,8,0,0,0,1
WI,2007,1141,CLINTONVILLE,5502670,6,0,0,0,1
WI,2007,1162,COLBY,5502730,4,0,0,0,1
WI,2007,1176,COLFAX,5502790,10,0,0,1,1
WI,2007,1183,COLUMBUS,5502820,8,0,0,0,1
WI,2007,119,AMERY,5500300,8,0,0,0,1
WI,2007,1218,CRANDON,5502910,4,0,0,0,1
WI,2007,1253,CUDAHY,5503060,20,0,0,1,1
WI,2007,1260,CUMBERLAND,5503090,8,0,0,0,1
WI,2007,1309,DEERFIELD,5503270,6,0,0,0,1
WI,2007,1316,DE FOREST,5503180,10,0,0,1,1
WI,2007,1376,KETTLE MORAINE,5503510,16,0,0,1,1
WI,2007,1380,DELAVANDARIEN,5503640,16,2,0.125,1,0.197462442
WI,2007,14,ADAMS FRIENDS,5500060,10,0,0,1,1
WI,2007,140,ANTIGO,5500360,4,0,0,0,1
WI,2007,1407,DENMARK,5503660,8,0,0,0,1
WI,2007,1414,DE PERE,5503210,8,0,0,0,1
WI,2007,1428,DODGEVILLE,5503690,6,0,0,0,1
WI,2007,147,APPLETON,5500390,84,3,0.0357,4,0.812384367
WI,2007,1526,NORTHLAND PINES,5503860,12,0,0,1,1
WI,2007,154,ARCADIA,5500420,10,0,0,1,1
WI,2007,1540,EAST TROY,5504020,8,0,0,0,1
WI,2007,1554,EAU CLAIRE,5504050,50,3,0.06,3,0.477809398
WI,2007,1568,EDGERTON,5504110,8,0,0,0,1
WI,2007,1600,ELEVA STRUM,5504200,2,0,0,0,1
WI,2007,1631,ELKHART LAKE,5504260,10,0,0,1,1
WI,2007,1638,ELKHORN,5504290,8,0,0,0,1
WI,2007,1645,ELK MOUND,5504230,6,0,0,0,1
WI,2007,1659,ELLSWORTH,5504320,4,0,0,0,1
WI,2007,1673,ROYALL,5504380,2,0,0,0,1
WI,2007,1687,ERIN,5504410,10,0,0,1,1
WI,2007,1694,EVANSVILLE,5504440,8,0,0,0,1
WI,2007,170,ASHLAND,5500510,12,0,0,1,1
WI,2007,182,ASHWAUBENON,5500540,8,0,0,0,1
WI,2007,1855,FLORENCE,5504650,4,0,0,0,1
WI,2007,1862,FOND DU LAC,5504680,36,2,0.0556,2,0.558518907
WI,2007,1883,FORT ATKINSON,5504740,12,0,0,1,1
WI,2007,1890,FOX POINT,5504800,6,0,0,0,1
WI,2007,1897,MAPLE DALE IN,5504770,6,0,0,0,1
WI,2007,1900,FRANKLIN,5504830,20,0,0,1,1
WI,2007,1939,FREDERIC,5504860,6,0,0,0,1
WI,2007,1945,NORTHERN OZAU,5504890,16,1,0.0625,1,0.570137139
WI,2007,1953,FREEDOM,5504920,8,0,0,0,1
WI,2007,2051,GENOA,5505130,6,0,0,0,1
WI,2007,2058,GERMANTOWN,5505160,8,0,0,0,1
WI,2007,2128,GILLETT,5505250,2,0,0,0,1
WI,2007,2142,GILMANTON,5505370,6,0,0,0,1
WI,2007,2184,GLENDALE RIVER,5505460,8,0,0,0,1
WI,2007,2212,GOODMAN ARMST,5505580,4,0,0,0,1
WI,2007,2217,GRAFTON,5505610,8,0,0,0,1
WI,2007,2233,GRANTSBURG,5505670,8,0,0,0,1
WI,2007,2289,GREEN BAY,5505820,96,9,0.0938,5,0.058849075
WI,2007,2296,GREENDALE,5505910,16,0,0,1,1
WI,2007,2303,GREENFIELD,5505940,12,2,0.1667,1,0.123928297
WI,2007,231,BALDWIN WOOD,5500720,8,0,0,0,1
WI,2007,2420,HAMILTON,5506030,12,0,0,1,1
WI,2007,2422,SAINT CROIX CEN,5506060,6,0,0,0,1
WI,2007,2443,HARTFORD J1,5506090,8,0,0,0,1
WI,2007,2460,HARTLAND LAKE,5506140,8,0,0,0,1
WI,2007,2478,HAYWARD,5506270,8,0,0,0,1
WI,2007,2485,SOUTHWESTERN,5506300,10,1,0.1,1,0.410028268
WI,2007,2523,HERMAN,5506390,4,0,0,0,1
WI,2007,2527,HIGHLAND,5506420,2,0,0,0,1
WI,2007,2562,HOLMEN,5506540,16,0,0,1,1
WI,2007,2576,HORICON,5506570,6,0,0,0,1
WI,2007,2583,HORTONVILLE,5506600,16,0,0,1,1
WI,2007,2604,HOWARD SUAMICO,5506630,8,0,0,0,1
WI,2007,2605,HOWARDS GROVE,5506660,6,0,0,0,1
WI,2007,2611,HUDSON,5506690,20,0,0,1,1
WI,2007,2618,HURLEY,5506750,6,0,0,0,1
WI,2007,2695,JANESVILLE,5507020,52,1,0.0192,3,0.935683522
WI,2007,2702,JEFFERSON,5507050,8,0,0,0,1
WI,2007,2737,JUDA,5507230,10,0,0,1,1
WI,2007,2744,DODGELAND,5507260,4,0,0,0,1
WI,2007,2758,KAUKAUNA,5507290,12,0,0,1,1
WI,2007,2793,KENOSHA,5507320,116,2,0.0172,6,0.984000746
WI,2007,280,BARABOO,5500810,16,0,0,1,1
WI,2007,2800,KEWASKUM,5507380,8,0,0,0,1
WI,2007,2814,KEWAUNEE,5507410,6,1,0.1667,0,0.27138397
WI,2007,2828,KIEL,5507440,6,0,0,0,1
WI,2007,2835,KIMBERLY,5507470,6,0,0,0,1
WI,2007,2842,KOHLER,5507500,6,1,0.1667,0,0.27138397
WI,2007,2849,LA CROSSE,5507530,30,2,0.0667,2,0.460843962
WI,2007,2856,LADYSMITH HAWK,5507590,8,0,0,0,1
WI,2007,2885,LAKE GENEVA J1,5507620,12,0,0,1,1
WI,2007,2898,LAKE MILLS,5507710,8,0,0,0,1
WI,2007,2940,LAONA,5507830,2,0,0,0,1
WI,2007,308,BARRON,5500870,8,1,0.125,0,0.344360723
WI,2007,3129,LITTLE CHUTE,5508160,8,0,0,0,1
WI,2007,3150,LODI,5508190,4,0,0,0,1
WI,2007,3171,LOMIRA,5508220,2,0,0,0,1
WI,2007,3206,LOYAL,5508250,2,0,0,0,1
WI,2007,3220,LUXEMBURG,5508340,8,0,0,0,1
WI,2007,3269,MADISON,5508520,144,9,0.0625,7,0.322352324
WI,2007,3290,MANITOWOC,5508610,28,0,0,1,1
WI,2007,3297,MAPLE,5508640,8,0,0,0,1
WI,2007,3311,MARINETTE,5508700,4,0,0,0,1
WI,2007,3332,MARSHALL,5508790,8,0,0,0,1
WI,2007,3339,MARSHFIELD,5508820,26,1,0.0385,1,0.746393063
WI,2007,336,BEAVER DAM,5500960,18,1,0.0556,1,0.613191361
WI,2007,3360,MAUSTON,5508850,8,0,0,0,1
WI,2007,3367,MAYVILLE,5508880,10,0,0,1,1
WI,2007,3381,MCFARLAND,5508910,8,0,0,0,1
WI,2007,3409,MEDFORD,5508940,10,0,0,1,1
WI,2007,3427,MELLEN,5508970,10,1,0.1,1,0.410028268
WI,2007,3430,MENASHA,5509030,18,4,0.2222,1,0.011951202
WI,2007,3434,MENOMINEE IND,5509070,8,0,0,0,1
WI,2007,3437,MENOMONEE FALLS,5509060,10,0,0,1,1
WI,2007,3444,MENOMONIE,5509090,8,0,0,0,1
WI,2007,3479,MEQUON THIENS,5509130,16,0,0,1,1
WI,2007,3484,MERCER,5509150,6,3,0.5,0,0.002414568
WI,2007,3500,MERRILL,5509210,8,0,0,0,1
WI,2007,3510,SWALLOW,5509240,10,0,0,1,1
WI,2007,3528,MERTON,5509360,8,0,0,0,1
WI,2007,3549,MIDDLETON CROSS,5509510,28,0,0,1,1
WI,2007,3612,MILTON,5509570,6,0,0,0,1
WI,2007,3619,MILWAUKEE,5509600,798,119,0.1491,41,0
WI,2007,3654,NORTHWOOD,5509720,10,0,0,1,1
WI,2007,3668,MONDOVI,5509780,4,0,0,0,1
WI,2007,3675,MONONA GROVE,5509810,8,0,0,0,1
WI,2007,3682,MONROE,5509840,8,0,0,0,1
WI,2007,3689,MONTELLO,5509870,6,0,0,0,1
WI,2007,3787,MOSINEE,5509960,8,0,0,0,1
WI,2007,3794,MOUNT HOREB,5509990,8,0,0,0,1
WI,2007,3822,MUKWONAGO,5510060,14,0,0,1,1
WI,2007,3857,MUSKEGO NORWAY,5510170,12,0,0,1,1
WI,2007,3862,LAKE COUNTRY,5500013,10,0,0,1,1
WI,2007,3871,NECEDAH,5510230,4,0,0,0,1
WI,2007,3892,NEENAH,5510320,32,0,0,2,1
WI,2007,3899,NEILLSVILLE,5510350,8,1,0.125,0,0.344360723
WI,2007,3906,NEKOOSA,5510380,8,0,0,0,1
WI,2007,3925,NEW BERLIN,5510470,12,0,0,1,1
WI,2007,3941,NEW HOLSTEIN,5510530,4,0,0,0,1
WI,2007,3955,NEW LONDON,5510590,12,0,0,1,1
WI,2007,3962,NEW RICHMOND,5510620,6,0,0,0,1
WI,2007,3983,N FOND DU LAC,5510740,4,0,0,0,1
WI,2007,4011,NORWAY,5510800,4,0,0,0,1
WI,2007,4018,OAK CREEK FRANK,5510830,24,0,0,1,1
WI,2007,4060,OCONOMOWOC,5510890,28,0,0,1,1
WI,2007,4067,OCONTO,5510920,8,0,0,0,1
WI,2007,4074,OCONTO FALLS,5510950,2,0,0,0,1
WI,2007,4088,OMRO,5510980,8,0,0,0,1
WI,2007,4095,ONALASKA,5511010,16,0,0,1,1
WI,2007,413,BELOIT,5501050,40,1,0.025,2,0.878849611
WI,2007,4144,OREGON,5511100,6,0,0,0,1
WI,2007,4151,PARKVIEW,5511130,8,0,0,0,1
WI,2007,4165,OSCEOLA,5511160,8,0,0,0,1
WI,2007,4179,OSHKOSH,5511190,28,0,0,1,1
WI,2007,4186,OSSEO FAIRCHILD,5511220,4,2,0.5,0,0.014786326
WI,2007,422,BELOIT TURNER,5501080,8,0,0,0,1
WI,2007,4228,PARDEEVILLE,5511370,6,0,0,0,1
WI,2007,4235,PARIS,5511400,10,1,0.1,1,0.410028268
WI,2007,4305,PESHTIGO,5511610,6,0,0,0,1
WI,2007,4312,PEWAUKEE,5511640,6,0,0,0,1
WI,2007,434,BERLIN,5501140,8,0,0,0,1
WI,2007,4347,PHILLIPS,5511730,4,0,0,0,1
WI,2007,4375,TRI COUNTY,5511820,2,0,0,0,1
WI,2007,4389,PLATTEVILLE,5511850,6,0,0,0,1
WI,2007,4459,PLUM CITY,5511880,4,1,0.25,0,0.190284447
WI,2007,4473,PLYMOUTH,5511940,4,0,0,0,1
WI,2007,4501,PORTAGE,5512060,8,0,0,0,1
WI,2007,4515,PORT WASHINGTON,5512000,8,0,0,0,1
WI,2007,4543,PRAIRIE DU CH,5512150,10,0,0,1,1
WI,2007,4571,PRENTICE,5512210,6,2,0.3333,0,0.03450311
WI,2007,4578,PRESCOTT,5512240,4,0,0,0,1
WI,2007,4613,PULASKI,5512330,14,0,0,1,1
WI,2007,4620,RACINE,5512360,90,3,0.0333,5,0.847290061
WI,2007,4627,RANDALL,5512390,10,1,0.1,1,0.410028268
WI,2007,4634,RANDOLPH,5512420,10,0,0,1,1
WI,2007,4641,RANDOM LAKE,5512450,4,0,0,0,1
WI,2007,469,WISCONSIN HGTS,5501230,4,0,0,0,1
WI,2007,4753,REEDSBURG,5512660,12,0,0,1,1
WI,2007,476,BLACK RIVER,5501260,8,0,0,0,1
WI,2007,4760,REEDSVILLE,5512690,6,0,0,0,1
WI,2007,4781,RHINELANDER,5512720,6,0,0,0,1
WI,2007,4802,RICE LAKE,5512810,4,0,0,0,1
WI,2007,4851,RICHLAND,5512960,12,1,0.0833,1,0.469118681
WI,2007,4872,RIPON,5513020,8,0,0,0,1
WI,2007,4893,RIVER FALLS,5513050,8,0,0,0,1
WI,2007,497,BLOOMER,5501350,4,0,0,0,1
WI,2007,4970,D C EVEREST,5513170,18,0,0,1,1
WI,2007,5019,ST CROIX FALLS,5513230,8,0,0,0,1
WI,2007,5026,SAINT FRANCIS,5513260,8,0,0,0,1
WI,2007,5068,SALEM,5513350,10,0,0,1,1
WI,2007,5100,SAUK PRAIRIE,5513410,8,0,0,0,1
WI,2007,5138,SEYMOUR,5513530,8,0,0,0,1
WI,2007,5264,SHAWANO GRESHAM,5513620,14,0,0,1,1
WI,2007,5271,SHEBOYGAN,5513650,36,0,0,2,1
WI,2007,5278,SHEBOYGAN FALLS,5513680,8,0,0,0,1
WI,2007,5355,SHOREWOOD,5513800,14,0,0,1,1
WI,2007,5369,SILVER LAKE,5513860,10,0,0,1,1
WI,2007,5390,SLINGER,5513950,8,0,0,0,1
WI,2007,5432,SOMERSET,5514010,8,0,0,0,1
WI,2007,5439,S MILWAUKEE,5514040,12,0,0,1,1
WI,2007,5457,SOUTHERN DOOR,5514130,4,0,0,0,1
WI,2007,5460,SPARTA,5514160,6,0,0,0,1
WI,2007,5474,SPOONER,5514220,8,0,0,0,1
WI,2007,5523,RIVER VALLEY,5514250,4,0,0,0,1
WI,2007,5593,STANLEY BOYD,5514430,8,1,0.125,0,0.344360723
WI,2007,5607,STEVENS POINT,5514490,50,0,0,3,1
WI,2007,5614,STOCKBRIDGE,5514520,4,1,0.25,0,0.190284447
WI,2007,5621,STOUGHTON,5514550,8,0,0,0,1
WI,2007,5628,STRATFORD,5514580,6,0,0,0,1
WI,2007,5642,STURGEON BAY,5514610,8,0,0,0,1
WI,2007,5656,SUN PRAIRIE,5514640,28,0,0,1,1
WI,2007,5663,SUPERIOR,5514670,12,0,0,1,1
WI,2007,5747,TOMAH,5514910,12,0,0,1,1
WI,2007,5754,TOMAHAWK,5514940,8,0,0,0,1
WI,2007,5757,FLAMBEAU,5514970,2,0,0,0,1
WI,2007,5817,TWIN LAKES,5515090,10,0,0,1,1
WI,2007,5824,TWO RIVERS,5515120,4,0,0,0,1
WI,2007,5859,UNION GROVE J1,5515180,10,0,0,1,1
WI,2007,5866,VALDERS,5515210,6,0,0,0,1
WI,2007,5901,VERONA,5515330,24,1,0.0417,1,0.718165025
WI,2007,5985,VIROQUA,5515360,8,0,0,0,1
WI,2007,6022,WALWORTH,5515450,10,1,0.1,1,0.410028268
WI,2007,6027,WASHBURN,5515540,2,0,0,0,1
WI,2007,609,BOSCOBEL,5501500,2,0,0,0,1
WI,2007,6113,WATERFORD J1,5515660,20,0,0,1,1
WI,2007,6125,WATERTOWN,5515750,16,1,0.0625,1,0.570137139
WI,2007,6174,WAUKESHA,5515780,60,0,0,3,1
WI,2007,6181,WAUNAKEE,5515810,8,0,0,0,1
WI,2007,6195,WAUPACA,5515840,8,0,0,0,1
WI,2007,6216,WAUPUN,5515870,4,0,0,0,1
WI,2007,6223,WAUSAU,5515900,36,3,0.0833,2,0.281765562
WI,2007,6237,WAUTOMA,5515960,8,0,0,0,1
WI,2007,6244,WAUWATOSA,5515990,16,0,0,1,1
WI,2007,6293,WEBSTER,5516230,2,0,0,0,1
WI,2007,6300,WEST ALLIS,5516260,58,0,0,3,1
WI,2007,6307,WEST BEND,5516290,28,0,0,1,1
WI,2007,6321,WESTBY,5516410,6,0,0,0,1
WI,2007,6328,WEST DE PERE,5516320,8,0,0,0,1
WI,2007,6335,WESTFIELD,5516440,2,1,0.5,0,0.10015804
WI,2007,6370,WEST SALEM,5516350,8,0,0,0,1
WI,2007,6384,WEYAUWEGA FRE,5516500,8,2,0.25,0,0.060153607
WI,2007,6410,WEYERHAEUSER,5516530,8,1,0.125,0,0.344360723
WI,2007,6419,WHITEFISH BAY,5516620,4,0,0,0,1
WI,2007,6461,WHITEWATER,5516680,8,0,0,0,1
WI,2007,6470,WHITNALL,5506000,12,0,0,1,1
WI,2007,6475,WILD ROSE,5516710,4,0,0,0,1
WI,2007,6482,WILLIAMS BAY,5516740,2,0,0,0,1
WI,2007,658,BRILLION,5501680,4,0,0,0,1
WI,2007,6608,WINNECONNE,5516830,8,0,0,0,1
WI,2007,665,BRISTOL,5501710,10,1,0.1,1,0.410028268
WI,2007,6678,WISCONSIN DELLS,5517040,12,0,0,1,1
WI,2007,6685,WIS RAPIDS,5517070,44,2,0.0455,2,0.668024324
WI,2007,6713,WONEWOC UNION,5517130,6,2,0.3333,0,0.03450311
WI,2007,6720,WOODRUFF,5517160,10,1,0.1,1,0.410028268
WI,2007,6734,WRIGHTSTOWN,5517190,8,0,0,0,1
WI,2007,7,ABBOTSFORD,5500030,4,0,0,0,1
WI,2007,70,ALGOMA,5500150,10,0,0,1,1
WI,2007,700,BRODHEAD,5501740,4,0,0,0,1
WI,2007,714,ELMBROOK,5501770,24,0,0,1,1
WI,2007,721,BROWN DEER,5501800,8,0,0,0,1
WI,2007,735,BRUCE,5501830,8,0,0,0,1
WI,2007,777,BURLINGTON,5501890,8,0,0,0,1
WI,2007,8105,CENTRAL CITY,5500041,10,2,0.2,1,0.090351407
WI,2007,8106,MILW ACAD SCI,5500042,10,2,0.2,1,0.090351407
WI,2007,8108,URBAN LEAGUE,5500044,10,2,0.2,1,0.090351407
WI,2007,8109,DLH ACADEMY,5500047,10,0,0,1,1
WI,2007,8110,21ST CENTURY,5500045,10,2,0.2,1,0.090351407
WI,2007,8111,YMCA YOUTH LEAD,5500046,10,1,0.1,1,0.410028268
WI,2007,8113,WOODLANDS,5500113,10,0,0,1,1
WI,2007,903,CAMERON,5502130,2,0,0,0,1
WI,2007,910,CAMPBELLSPORT,5502160,8,0,0,0,1
WI,2008,1015,CEDARBURG,5502460,12,0,0,1,1
WI,2008,1029,CEDAR GROVE BEL,5502430,2,0,0,0,1
WI,2008,1078,CHETEK,5502490,4,1,0.25,0,0.191649328
WI,2008,1085,CHILTON,5502520,6,0,0,0,1
WI,2008,1092,CHIPPEWA FALLS,5502550,24,0,0,1,1
WI,2008,112,ALTOONA,5500270,8,0,0,0,1
WI,2008,1134,CLINTON COMM,5502640,8,0,0,0,1
WI,2008,1141,CLINTONVILLE,5502670,8,0,0,0,1
WI,2008,1183,COLUMBUS,5502820,8,1,0.125,0,0.34656919
WI,2008,119,AMERY,5500300,8,0,0,0,1
WI,2008,1253,CUDAHY,5503060,20,1,0.05,1,0.65485704
WI,2008,1260,CUMBERLAND,5503090,8,0,0,0,1
WI,2008,1309,DEERFIELD COMM,5503270,2,0,0,0,1
WI,2008,1316,DE FOREST AREA,5503180,8,0,0,0,1
WI,2008,1376,KETTLE MORAINE,5503510,12,0,0,1,1
WI,2008,1380,DELAVAN DARIEN,5503640,16,3,0.1875,1,0.046910366
WI,2008,14,ADAMS FRIEND,5500060,8,0,0,0,1
WI,2008,140,ANTIGO,5500360,16,0,0,1,1
WI,2008,1407,DENMARK,5503660,4,0,0,0,1
WI,2008,1414,DE PERE,5503210,10,0,0,1,1
WI,2008,1428,DODGEVILLE,5503690,8,0,0,0,1
WI,2008,147,APPLETON AREA,5500390,94,3,0.0319,5,0.870745368
WI,2008,1526,NORTHLAND PINES,5503860,8,0,0,0,1
WI,2008,154,ARCADIA,5500420,10,0,0,1,1
WI,2008,1540,EAST TROY COMM,5504020,8,0,0,0,1
WI,2008,1554,EAU CLAIRE AREA,5504050,58,0,0,3,1
WI,2008,1568,EDGERTON,5504110,8,0,0,0,1
WI,2008,1638,ELKHORN AREA,5504290,16,0,0,1,1
WI,2008,1645,ELK MOUND AREA,5504230,8,1,0.125,0,0.34656919
WI,2008,1659,ELLSWORTH COMM,5504320,6,0,0,0,1
WI,2008,1687,ERIN,5504410,10,0,0,1,1
WI,2008,1694,EVANSVILLE COMM,5504440,8,0,0,0,1
WI,2008,170,ASHLAND,5500510,12,0,0,1,1
WI,2008,182,ASHWAUBENON,5500540,12,0,0,1,1
WI,2008,1862,FOND DU LAC,5504680,36,1,0.0278,2,0.852633681
WI,2008,1883,FORT ATKINSON,5504740,4,0,0,0,1
WI,2008,1897,MAPLE DALE INDI,5504770,8,0,0,0,1
WI,2008,1900,FRANKLIN PUBLIC,5504830,20,0,0,1,1
WI,2008,1945,NORTHERN OZAUKE,5504890,10,0,0,1,1
WI,2008,1953,FREEDOM AREA,5504920,8,0,0,0,1
WI,2008,203,AUBURNDALE,5500600,6,0,0,0,1
WI,2008,2044,GENEVA J4,5505100,6,0,0,0,1
WI,2008,2051,GENOA CITY J2,5505130,8,0,0,0,1
WI,2008,2058,GERMANTOWN,5505160,8,0,0,0,1
WI,2008,2142,GILMANTON,5505370,6,1,0.1667,0,0.273225458
WI,2008,2184,GLENDALE RIVER,5505460,6,0,0,0,1
WI,2008,2205,GLIDDEN,5505550,4,0,0,0,1
WI,2008,2217,GRAFTON,5505610,4,0,0,0,1
WI,2008,2233,GRANTSBURG,5505670,8,0,0,0,1
WI,2008,2289,GREEN BAY AREA,5505820,112,6,0.0536,6,0.525486019
WI,2008,2296,GREENDALE,5505910,12,1,0.0833,1,0.471798766
WI,2008,2303,GREENFIELD,5505940,12,0,0,1,1
WI,2008,231,BALDWIN WOODVIL,5500720,8,0,0,0,1
WI,2008,2310,GREEN LAKE,5505880,6,0,0,0,1
WI,2008,238,UNITY,5500750,6,0,0,0,1
WI,2008,2420,HAMILTON,5506030,16,0,0,1,1
WI,2008,2422,SAINT CROIX CEN,5506060,6,0,0,0,1
WI,2008,2443,HARTFORD J1,5506090,8,0,0,0,1
WI,2008,2460,HARTLAND LAKESI,5506140,8,0,0,0,1
WI,2008,2478,HAYWARD COMM,5506270,8,0,0,0,1
WI,2008,2523,HERMAN 22,5506390,2,0,0,0,1
WI,2008,2527,HIGHLAND,5506420,8,0,0,0,1
WI,2008,2534,HILBERT,5506450,2,0,0,0,1
WI,2008,2562,HOLMEN,5506540,16,0,0,1,1
WI,2008,2576,HORICON,5506570,4,0,0,0,1
WI,2008,2583,HORTONVILLE,5506600,16,0,0,1,1
WI,2008,2604,HOWARD SUAMICO,5506630,12,0,0,1,1
WI,2008,2605,HOWARDS GROVE,5506660,6,1,0.1667,0,0.273225458
WI,2008,2611,HUDSON,5506690,20,0,0,1,1
WI,2008,2618,HURLEY,5506750,8,1,0.125,0,0.34656919
WI,2008,2632,INDEPENDENCE,5506810,10,4,0.4,1,0.001174269
WI,2008,2695,JANESVILLE,5507020,48,0,0,2,1
WI,2008,2702,JEFFERSON,5507050,4,0,0,0,1
WI,2008,2730,JOHNSON CREEK,5507170,6,0,0,0,1
WI,2008,2744,DODGELAND,5507260,8,1,0.125,0,0.34656919
WI,2008,2758,KAUKAUNA AREA,5507290,12,0,0,1,1
WI,2008,2793,KENOSHA,5507320,116,3,0.0259,6,0.943029339
WI,2008,280,BARABOO,5500810,16,0,0,1,1
WI,2008,2800,KEWASKUM,5507380,8,0,0,0,1
WI,2008,2828,KIEL AREA,5507440,6,0,0,0,1
WI,2008,2835,KIMBERLY AREA,5507470,4,0,0,0,1
WI,2008,2849,LA CROSSE,5507530,32,0,0,2,1
WI,2008,2856,LADYSMITH HAWKI,5507590,2,0,0,0,1
WI,2008,2863,LA FARGE,5507560,2,0,0,0,1
WI,2008,2885,LAKE GENEVA J1,5507620,16,0,0,1,1
WI,2008,2898,LAKE MILLS AREA,5507710,8,0,0,0,1
WI,2008,2961,LENA,5507860,4,1,0.25,0,0.191649328
WI,2008,308,BARRON AREA,5500870,8,0,0,0,1
WI,2008,3129,LITTLE CHUTE,5508160,8,0,0,0,1
WI,2008,3150,LODI,5508190,4,0,0,0,1
WI,2008,3171,LOMIRA,5508220,2,0,0,0,1
WI,2008,3220,LUXEMBURG CASCO,5508340,8,0,0,0,1
WI,2008,3269,MADISON METROPO,5508520,148,6,0.0405,8,0.783568403
WI,2008,3290,MANITOWOC,5508610,40,1,0.025,2,0.880876337
WI,2008,3297,MAPLE,5508640,4,0,0,0,1
WI,2008,3304,MARATHON CITY,5508670,10,0,0,1,1
WI,2008,3311,MARINETTE,5508700,8,0,0,0,1
WI,2008,3332,MARSHALL,5508790,2,0,0,0,1
WI,2008,3339,MARSHFIELD,5508820,26,0,0,1,1
WI,2008,336,BEAVER DAM,5500960,14,2,0.1429,1,0.161893657
WI,2008,3360,MAUSTON,5508850,8,1,0.125,0,0.34656919
WI,2008,3367,MAYVILLE,5508880,10,0,0,1,1
WI,2008,3381,MCFARLAND,5508910,4,0,0,0,1
WI,2008,3409,MEDFORD AREA,5508940,8,0,0,0,1
WI,2008,3430,MENASHA,5509030,20,2,0.1,1,0.27775505
WI,2008,3434,MENOMINEE INDIA,5509070,4,0,0,0,1
WI,2008,3437,MENOMONEE FALLS,5509060,18,0,0,1,1
WI,2008,3444,MENOMONIE AREA,5509090,12,1,0.0833,1,0.471798766
WI,2008,3479,MEQUON THIENSVI,5509130,20,0,0,1,1
WI,2008,3484,MERCER,5509150,4,3,0.75,0,0.000534368
WI,2008,3500,MERRILL AREA,5509210,16,0,0,1,1
WI,2008,3510,SWALLOW,5509240,10,1,0.1,1,0.412511311
WI,2008,3528,MERTON COMM,5509360,8,0,0,0,1
WI,2008,3549,MIDDLETON CROSS,5509510,28,2,0.0714,1,0.429498874
WI,2008,3612,MILTON,5509570,6,0,0,0,1
WI,2008,3619,MILWAUKEE,5509600,780,125,0.1603,40,0
WI,2008,3675,MONONA GROVE,5509810,6,0,0,0,1
WI,2008,3682,MONROE,5509840,6,0,0,0,1
WI,2008,3787,MOSINEE,5509960,8,0,0,0,1
WI,2008,3794,MOUNT HOREB,5509990,8,0,0,0,1
WI,2008,3822,MUKWONAGO,5510060,20,1,0.05,1,0.65485704
WI,2008,3857,MUSKEGO NORWAY,5510170,18,0,0,1,1
WI,2008,3862,LAKE COUNTRY,5500013,10,0,0,1,1
WI,2008,3871,NECEDAH AREA,5510230,8,0,0,0,1
WI,2008,3892,NEENAH,5510320,32,0,0,2,1
WI,2008,3906,NEKOOSA,5510380,8,0,0,0,1
WI,2008,3925,NEW BERLIN,5510470,22,0,0,1,1
WI,2008,3955,NEW LONDON,5510590,12,1,0.0833,1,0.471798766
WI,2008,3962,NEW RICHMOND,5510620,6,0,0,0,1
WI,2008,3983,NORTH FOND DU L,5510740,8,0,0,0,1
WI,2008,4011,NORWAY J7,5510800,4,0,0,0,1
WI,2008,4018,OAK CREEK FRANK,5510830,28,0,0,1,1
WI,2008,4060,OCONOMOWOC AREA,5510890,28,0,0,1,1
WI,2008,4067,OCONTO,5510920,8,0,0,0,1
WI,2008,4074,OCONTO FALLS,5510950,8,0,0,0,1
WI,2008,4088,OMRO,5510980,4,0,0,0,1
WI,2008,4095,ONALASKA,5511010,16,0,0,1,1
WI,2008,413,BELOIT,5501050,54,6,0.1111,3,0.059766768
WI,2008,4144,OREGON,5511100,8,0,0,0,1
WI,2008,4151,PARKVIEW,5511130,8,0,0,0,1
WI,2008,4165,OSCEOLA,5511160,4,0,0,0,1
WI,2008,4179,OSHKOSH AREA,5511190,48,0,0,2,1
WI,2008,4186,OSSEO FAIRCHILD,5511220,2,0,0,0,1
WI,2008,422,BELOIT TURNER,5501080,8,0,0,0,1
WI,2008,4228,PARDEEVILLE,5511370,8,0,0,0,1
WI,2008,4235,PARIS J1,5511400,10,3,0.3,1,0.012668242
WI,2008,427,BENTON,5501110,2,0,0,0,1
WI,2008,4270,PEPIN AREA,5511580,6,0,0,0,1
WI,2008,4305,PESHTIGO,5511610,6,0,0,0,1
WI,2008,4312,PEWAUKEE,5511640,6,0,0,0,1
WI,2008,4330,PHELPS,5511710,2,0,0,0,1
WI,2008,434,BERLIN AREA,5501140,8,0,0,0,1
WI,2008,4389,PLATTEVILLE,5511850,6,0,0,0,1
WI,2008,4473,PLYMOUTH,5511940,4,0,0,0,1
WI,2008,4501,PORTAGE COMM,5512060,12,0,0,1,1
WI,2008,4515,PORT WASHINGTON,5512000,10,0,0,1,1
WI,2008,4536,POYNETTE,5512120,4,0,0,0,1
WI,2008,4571,PRENTICE,5512210,8,0,0,0,1
WI,2008,4578,PRESCOTT,5512240,6,0,0,0,1
WI,2008,4613,PULASKI COMM,5512330,12,0,0,1,1
WI,2008,4620,RACINE,5512360,96,2,0.0208,5,0.96216529
WI,2008,4627,RANDALL J1,5512390,10,0,0,1,1
WI,2008,4641,RANDOM LAKE,5512450,6,0,0,0,1
WI,2008,469,WISCONSIN HGTS,5501230,4,0,0,0,1
WI,2008,4690,NORTH CAPE,5512510,10,0,0,1,1
WI,2008,4753,REEDSBURG,5512660,16,0,0,1,1
WI,2008,476,BLACK RVR FALLS,5501260,6,0,0,0,1
WI,2008,4781,RHINELANDER,5512720,6,0,0,0,1
WI,2008,4802,RICE LAKE AREA,5512810,8,0,0,0,1
WI,2008,4851,RICHLAND,5512960,8,0,0,0,1
WI,2008,4872,RIPON AREA,5513020,6,0,0,0,1
WI,2008,4893,RIVER FALLS,5513050,8,0,0,0,1
WI,2008,4970,D C EVEREST,5513170,20,1,0.05,1,0.65485704
WI,2008,5019,SAINT CROIX FAL,5513230,8,0,0,0,1
WI,2008,5026,SAINT FRANCIS,5513260,8,0,0,0,1
WI,2008,5068,SALEM,5513350,10,0,0,1,1
WI,2008,5100,SAUK PRAIRIE,5513410,8,0,0,0,1
WI,2008,5138,SEYMOUR COMM,5513530,8,0,0,0,1
WI,2008,5264,SHAWANO,5513620,10,1,0.1,1,0.412511311
WI,2008,5271,SHEBOYGAN AREA,5513650,40,2,0.05,2,0.620568143
WI,2008,5278,SHEBOYGAN FALLS,5513680,2,0,0,0,1
WI,2008,5306,SHELL LAKE,5513710,2,0,0,0,1
WI,2008,5348,SHIOCTON,5513770,10,0,0,1,1
WI,2008,5355,SHOREWOOD,5513800,8,0,0,0,1
WI,2008,5362,SHULLSBURG,5513830,4,1,0.25,0,0.191649328
WI,2008,5369,SILVER LAKE J1,5513860,10,0,0,1,1
WI,2008,5390,SLINGER,5513950,8,0,0,0,1
WI,2008,5432,SOMERSET,5514010,8,0,0,0,1
WI,2008,5439,SOUTH MILWAUKEE,5514040,20,0,0,1,1
WI,2008,5460,SPARTA AREA,5514160,6,0,0,0,1
WI,2008,5474,SPOONER AREA,5514220,8,0,0,0,1
WI,2008,5523,RIVER VALLEY,5514250,4,0,0,0,1
WI,2008,5593,STANLEY BOYD,5514430,8,1,0.125,0,0.34656919
WI,2008,5607,STEVENS POINT,5514490,46,2,0.0435,2,0.695860781
WI,2008,5621,STOUGHTON AREA,5514550,6,0,0,0,1
WI,2008,5642,STURGEON BAY,5514610,4,0,0,0,1
WI,2008,5656,SUN PRAIRIE,5514640,32,0,0,2,1
WI,2008,5663,SUPERIOR,5514670,16,0,0,1,1
WI,2008,5747,TOMAH AREA,5514910,18,0,0,1,1
WI,2008,5754,TOMAHAWK,5514940,8,0,0,0,1
WI,2008,5757,FLAMBEAU,5514970,4,0,0,0,1
WI,2008,5817,TWIN LAKES 4,5515090,10,0,0,1,1
WI,2008,5824,TWO RIVERS,5515120,6,0,0,0,1
WI,2008,5859,UNION GROVE J1,5515180,10,0,0,1,1
WI,2008,5866,VALDERS AREA,5515210,2,0,0,0,1
WI,2008,5901,VERONA AREA,5515330,24,0,0,1,1
WI,2008,5985,VIROQUA AREA,5515360,8,0,0,0,1
WI,2008,602,BONDUEL,5501470,4,0,0,0,1
WI,2008,6069,WASHINGTON,5515570,2,0,0,0,1
WI,2008,609,BOSCOBEL AREA,5501500,6,0,0,0,1
WI,2008,6113,WATERFORD GRADE,5515660,20,0,0,1,1
WI,2008,6118,WATERLOO,5515720,4,0,0,0,1
WI,2008,6125,WATERTOWN,5515750,16,0,0,1,1
WI,2008,6174,WAUKESHA,5515780,54,3,0.0556,3,0.534942335
WI,2008,6181,WAUNAKEE COMM,5515810,6,0,0,0,1
WI,2008,6195,WAUPACA,5515840,8,0,0,0,1
WI,2008,6216,WAUPUN,5515870,8,0,0,0,1
WI,2008,6223,WAUSAU,5515900,32,2,0.0625,2,0.498997884
WI,2008,623,BOWLER,5501560,6,0,0,0,1
WI,2008,6237,WAUTOMA AREA,5515960,8,0,0,0,1
WI,2008,6244,WAUWATOSA,5515990,20,1,0.05,1,0.65485704
WI,2008,6300,WEST ALLIS,5516260,58,2,0.0345,3,0.809374905
WI,2008,6307,WEST BEND,5516290,28,0,0,1,1
WI,2008,6328,WEST DE PERE,5516320,10,0,0,1,1
WI,2008,6335,WESTFIELD,5516440,6,0,0,0,1
WI,2008,6370,WEST SALEM,5516350,4,0,0,0,1
WI,2008,6412,WHEATLAND J1,5516560,10,0,0,1,1
WI,2008,6419,WHITEFISH BAY,5516620,8,0,0,0,1
WI,2008,6426,WHITEHALL,5516650,4,0,0,0,1
WI,2008,6461,WHITEWATER,5516680,4,0,0,0,1
WI,2008,6470,WHITNALL,5506000,12,0,0,1,1
WI,2008,6475,WILD ROSE,5516710,4,0,0,0,1
WI,2008,657,BRIGHTON 1,5501650,10,2,0.2,1,0.091567268
WI,2008,6608,WINNECONNE COMM,5516830,4,0,0,0,1
WI,2008,665,BRISTOL 1,5501710,10,0,0,1,1
WI,2008,6678,WISCONSIN DELLS,5517040,8,0,0,0,1
WI,2008,6685,WISCONSIN RAPID,5517070,44,1,0.0227,2,0.903706307
WI,2008,6720,WOODRUFF J1,5517160,10,1,0.1,1,0.412511311
WI,2008,6734,WRIGHTSTOWN COM,5517190,6,0,0,0,1
WI,2008,700,BRODHEAD,5501740,4,0,0,0,1
WI,2008,714,ELMBROOK,5501770,20,0,0,1,1
WI,2008,721,BROWN DEER,5501800,8,0,0,0,1
WI,2008,735,BRUCE,5501830,4,0,0,0,1
WI,2008,777,BURLINGTON AREA,5501890,10,0,0,1,1
WI,2008,8105,CENTRAL CITY CY,5500041,10,1,0.1,1,0.412511311
WI,2008,8106,MILWAUKEE AC SC,5500042,10,2,0.2,1,0.091567268
WI,2008,8108,BEAM,5500044,10,2,0.2,1,0.091567268
WI,2008,8109,DLH ACADEMY,5500047,10,0,0,1,1
WI,2008,8110,21ST CENTURY PR,5500045,10,0,0,1,1
WI,2008,8111,YMCA YOUNG LEAD,5500046,10,0,0,1,1
WI,2008,840,BUTTERNUT,5501920,2,0,0,0,1
WI,2008,870,CADOTT COMM,5502040,6,0,0,0,1
WI,2008,91,ALMA CENTER,5500210,2,0,0,0,1
WI,2008,910,CAMPBELLSPORT,5502160,8,0,0,0,1
WI,2009,1015,CEDARBURG,5502460,4,0,0,0,1
WI,2009,1078,CHETEK,5502490,4,0,0,0,1
WI,2009,1092,CHIPPEWA FAL,5502550,20,1,0.05,1,0.61977999
WI,2009,112,ALTOONA,5500270,8,0,0,0,1
WI,2009,1134,CLINTON,5502640,8,0,0,0,1
WI,2009,1141,CLINTONVILLE,5502670,8,0,0,0,1
WI,2009,119,AMERY,5500300,8,0,0,0,1
WI,2009,1232,CRIVITZ,5502970,8,1,0.125,0,0.320774491
WI,2009,1253,CUDAHY,5503060,8,0,0,0,1
WI,2009,126,TOMORROW RVR,5500330,4,0,0,0,1
WI,2009,1260,CUMBERLAND,5503090,6,0,0,0,1
WI,2009,1309,DEERFIELD,5503270,6,0,0,0,1
WI,2009,1316,DE FOREST,5503180,6,0,0,0,1
WI,2009,1376,KETTLEMORAIN,5503510,8,0,0,0,1
WI,2009,1380,DELAVNDARIEN,5503640,16,0,0,1,1
WI,2009,14,ADAMS FRIEND,5500060,8,0,0,0,1
WI,2009,140,ANTIGO,5500360,12,0,0,1,1
WI,2009,1414,DE PERE,5503210,8,0,0,0,1
WI,2009,1428,DODGEVILLE,5503690,2,0,0,0,1
WI,2009,1449,DOVER,5503750,2,0,0,0,1
WI,2009,147,APPLETON,5500390,121,5,0.0413,6,0.680506628
WI,2009,1499,DURAND,5503840,6,0,0,0,1
WI,2009,1526,NORTHLAND PI,5503860,8,0,0,0,1
WI,2009,154,ARCADIA,5500420,10,0,0,0,1
WI,2009,1540,EAST TROY,5504020,8,0,0,0,1
WI,2009,1554,EAU CLAIRE,5504050,52,4,0.0769,2,0.229846729
WI,2009,1568,EDGERTON,5504110,8,0,0,0,1
WI,2009,161,ARGYLE,5500450,4,0,0,0,1
WI,2009,1638,ELKHORN,5504290,16,0,0,1,1
WI,2009,1645,ELK MOUND,5504230,6,0,0,0,1
WI,2009,1659,ELLSWORTH,5504320,6,0,0,0,1
WI,2009,1687,ERIN,5504410,10,0,0,0,1
WI,2009,1694,EVANSVILLE,5504440,8,0,0,0,1
WI,2009,170,ASHLAND,5500510,12,0,0,1,1
WI,2009,182,ASHWAUBENON,5500540,12,0,0,1,1
WI,2009,1862,FOND DU LAC,5504680,28,0,0,1,1
WI,2009,1883,FT ATKINSON,5504740,4,0,0,0,1
WI,2009,1890,FOX POINT J2,5504800,2,0,0,0,1
WI,2009,1897,MAPLEDALEIND,5504770,10,0,0,0,1
WI,2009,1900,FRANKLIN,5504830,14,0,0,1,1
WI,2009,1945,NORTH OZAU,5504890,10,1,0.1,0,0.383380174
WI,2009,1953,FREEDOM,5504920,4,0,0,0,1
WI,2009,2009,GALESVILLEET,5504960,6,0,0,0,1
WI,2009,203,AUBURNDALE,5500600,6,0,0,0,1
WI,2009,2051,GENOA CTY J2,5505130,6,0,0,0,1
WI,2009,2058,GERMANTOWN,5505160,20,0,0,1,1
WI,2009,2142,GILMANTON,5505370,6,2,0.3333,0,0.029429218
WI,2009,2184,GLENDALE RVR,5505460,6,0,0,0,1
WI,2009,2205,GLIDDEN,5505550,4,1,0.25,0,0.175848613
WI,2009,2217,GRAFTON,5505610,8,0,0,0,1
WI,2009,2289,GREEN BAY,5505820,100,3,0.03,5,0.856158471
WI,2009,2296,GREENDALE,5505910,12,0,0,1,1
WI,2009,2303,GREENFIELD,5505940,16,0,0,1,1
WI,2009,231,BALDWIN WOOD,5500720,8,0,0,0,1
WI,2009,238,UNITY,5500750,6,1,0.1667,0,0.251812426
WI,2009,2420,HAMILTON,5506030,12,0,0,1,1
WI,2009,2422,ST CROIX CEN,5506060,6,0,0,0,1
WI,2009,2443,HARTFORD J1,5506090,8,0,0,0,1
WI,2009,2460,HARTLANDL J3,5506140,8,1,0.125,0,0.320774491
WI,2009,2478,HAYWARD,5506270,8,0,0,0,1
WI,2009,2562,HOLMEN,5506540,16,0,0,1,1
WI,2009,2576,HORICON,5506570,4,1,0.25,0,0.175848613
WI,2009,2583,HORTONVILLE,5506600,16,0,0,1,1
WI,2009,2604,HOWARD SUAMI,5506630,12,0,0,1,1
WI,2009,2611,HUDSON,5506690,20,1,0.05,1,0.61977999
WI,2009,2695,JANESVILLE,5507020,48,3,0.0625,2,0.396502708
WI,2009,2702,JEFFERSON,5507050,12,0,0,1,1
WI,2009,2744,DODGELAND,5507260,4,0,0,0,1
WI,2009,2758,KAUKAUNA,5507290,10,0,0,0,1
WI,2009,2793,KENOSHA,5507320,122,2,0.0164,6,0.980679794
WI,2009,280,BARABOO,5500810,16,0,0,1,1
WI,2009,2800,KEWASKUM,5507380,12,0,0,1,1
WI,2009,2814,KEWAUNEE,5507410,2,0,0,0,1
WI,2009,2828,KIEL,5507440,6,0,0,0,1
WI,2009,2835,KIMBERLY,5507470,10,0,0,0,1
WI,2009,2849,LA CROSSE,5507530,38,1,0.0263,2,0.840754767
WI,2009,2856,LADYSMITH HK,5507590,8,0,0,0,1
WI,2009,2885,LK GENEVA J1,5507620,16,0,0,1,1
WI,2009,2898,LAKE MILLS,5507710,4,0,0,0,1
WI,2009,2912,LANCASTER,5507770,4,1,0.25,0,0.175848613
WI,2009,2940,LAONA,5507830,6,0,0,0,1
WI,2009,2961,LENA,5507860,4,0,0,0,1
WI,2009,308,BARRON,5500870,6,0,0,0,1
WI,2009,3087,LINN J4,5508040,8,1,0.125,0,0.320774491
WI,2009,3129,LITTLE CHUTE,5508160,8,0,0,0,1
WI,2009,3150,LODI,5508190,4,0,0,0,1
WI,2009,3220,LUXEMBURG,5508340,2,0,0,0,1
WI,2009,3269,MADISON MET,5508520,130,7,0.0538,6,0.416033993
WI,2009,3290,MANITOWOC,5508610,34,0,0,2,1
WI,2009,3311,MARINETTE,5508700,6,0,0,0,1
WI,2009,3332,MARSHALL,5508790,8,0,0,0,1
WI,2009,3339,MARSHFIELD,5508820,20,3,0.15,1,0.065787859
WI,2009,336,BEAVER DAM,5500960,18,3,0.1667,1,0.050461352
WI,2009,3360,MAUSTON,5508850,12,0,0,1,1
WI,2009,3367,MAYVILLE,5508880,10,0,0,0,1
WI,2009,3381,MCFARLAND,5508910,8,0,0,0,1
WI,2009,3409,MEDFORD,5508940,6,0,0,0,1
WI,2009,3428,MELROSE MIND,5509000,2,0,0,0,1
WI,2009,3430,MENASHA,5509030,20,0,0,1,1
WI,2009,3434,MENOMINEE,5509070,8,0,0,0,1
WI,2009,3437,MENOMONEE FA,5509060,6,0,0,0,1
WI,2009,3444,MENOMONIE,5509090,16,0,0,1,1
WI,2009,3479,MEQUON THIEN,5509130,20,1,0.05,1,0.61977999
WI,2009,3500,MERRILL,5509210,20,0,0,1,1
WI,2009,3528,MERTON,5509360,8,1,0.125,0,0.320774491
WI,2009,3549,MIDDLETON CR,5509510,28,0,0,1,1
WI,2009,3612,MILTON,5509570,4,0,0,0,1
WI,2009,3619,MILWAUKEE,5509600,810,112,0.1383,38,0
WI,2009,3661,MISHICOT,5509750,4,0,0,0,1
WI,2009,3675,MONONA GROVE,5509810,4,0,0,0,1
WI,2009,3682,MONROE,5509840,8,0,0,0,1
WI,2009,3689,MONTELLO,5509870,6,0,0,0,1
WI,2009,3696,MONTICELLO,5509900,4,0,0,0,1
WI,2009,3787,MOSINEE,5509960,8,0,0,0,1
WI,2009,3794,MOUNT HOREB,5509990,8,0,0,0,1
WI,2009,3822,MUKWONAGO,5510060,14,1,0.0714,1,0.491811915
WI,2009,3857,MUSKEGO NORW,5510170,14,0,0,1,1
WI,2009,3862,LAKE COUNTRY,5500013,10,0,0,0,1
WI,2009,3871,NECEDAH,5510230,4,0,0,0,1
WI,2009,3892,NEENAH,5510320,32,2,0.0625,2,0.449757821
WI,2009,3899,NEILLSVILLE,5510350,4,0,0,0,1
WI,2009,3906,NEKOOSA,5510380,8,0,0,0,1
WI,2009,3925,NEW BERLIN,5510470,22,0,0,1,1
WI,2009,3948,NEW LISBON,5510560,10,0,0,0,1
WI,2009,3955,NEW LONDON,5510590,8,0,0,0,1
WI,2009,3962,NEW RICHMOND,5510620,8,0,0,0,1
WI,2009,3983,N FOND DULAC,5510740,8,0,0,0,1
WI,2009,3990,NORWALK ONT,5510770,6,0,0,0,1
WI,2009,4011,NORWAY J7,5510800,4,0,0,0,1
WI,2009,4018,OAK CREEK FR,5510830,24,0,0,1,1
WI,2009,4060,OCONOMOWOC,5510890,8,1,0.125,0,0.320774491
WI,2009,4067,OCONTO,5510920,6,0,0,0,1
WI,2009,4074,OCONTO FALLS,5510950,8,0,0,0,1
WI,2009,4088,OMRO,5510980,8,0,0,0,1
WI,2009,4095,ONALASKA,5511010,12,0,0,1,1
WI,2009,413,BELOIT,5501050,52,1,0.0192,2,0.91907347
WI,2009,4144,OREGON,5511100,4,0,0,0,1
WI,2009,4151,PARKVIEW,5511130,6,0,0,0,1
WI,2009,4165,OSCEOLA,5511160,4,0,0,0,1
WI,2009,4179,OSHKOSH AREA,5511190,46,1,0.0217,2,0.891836575
WI,2009,4186,OSSEO FAIRCH,5511220,2,1,0.5,0,0.09217216
WI,2009,4207,OWEN WITHEE,5511310,6,1,0.1667,0,0.251812426
WI,2009,422,BELOIT TURNE,5501080,4,0,0,0,1
WI,2009,4221,PALMYRA EAGL,5511350,2,0,0,0,1
WI,2009,4228,PARDEEVILLE,5511370,8,0,0,0,1
WI,2009,4235,PARIS J1,5511400,10,1,0.1,0,0.383380174
WI,2009,4305,PESHTIGO,5511610,6,0,0,0,1
WI,2009,4312,PEWAUKEE,5511640,6,0,0,0,1
WI,2009,4330,PHELPS,5511710,4,0,0,0,1
WI,2009,434,BERLIN AREA,5501140,8,0,0,0,1
WI,2009,4347,PHILLIPS,5511730,4,0,0,0,1
WI,2009,4473,PLYMOUTH,5511940,4,0,0,0,1
WI,2009,4501,PORTAGE,5512060,14,0,0,1,1
WI,2009,4515,PORT WASH,5512000,8,0,0,0,1
WI,2009,4529,POTOSI,5512090,4,2,0.5,0,0.012540697
WI,2009,4536,POYNETTE,5512120,8,0,0,0,1
WI,2009,4578,PRESCOTT,5512240,4,0,0,0,1
WI,2009,4613,PULASKI,5512330,8,0,0,0,1
WI,2009,4620,RACINE,5512360,96,1,0.0104,5,0.990357984
WI,2009,4627,RANDALL J1,5512390,10,0,0,0,1
WI,2009,4641,RANDOM LAKE,5512450,8,0,0,0,1
WI,2009,4686,RAYMOND,5512480,10,0,0,0,1
WI,2009,4753,REEDSBURG,5512660,8,0,0,0,1
WI,2009,476,BLACK RIVER,5501260,6,0,0,0,1
WI,2009,4781,RHINELANDER,5512720,6,0,0,0,1
WI,2009,4802,RICE LAKE,5512810,8,0,0,0,1
WI,2009,485,BLAIR TAYLOR,5500016,8,1,0.125,0,0.320774491
WI,2009,4851,RICHLAND,5512960,4,0,0,0,1
WI,2009,4872,RIPON,5513020,8,0,0,0,1
WI,2009,4893,RIVER FALLS,5513050,8,0,0,0,1
WI,2009,4970,D C EVEREST,5513170,22,0,0,1,1
WI,2009,4998,RUBICON J6,5513200,10,1,0.1,0,0.383380174
WI,2009,5019,ST CROIX FAL,5513230,8,0,0,0,1
WI,2009,5026,ST FRANCIS,5513260,8,0,0,0,1
WI,2009,5068,SALEM,5513350,10,0,0,0,1
WI,2009,5100,SAUK PRAIRIE,5513410,8,0,0,0,1
WI,2009,5138,SEYMOUR,5513530,8,0,0,0,1
WI,2009,5264,SHAWANO,5513620,10,0,0,0,1
WI,2009,5271,SHEBOYGAN,5513650,40,0,0,2,1
WI,2009,5278,SHEBOYGAN FA,5513680,8,0,0,0,1
WI,2009,5306,SHELL LAKE,5513710,6,0,0,0,1
WI,2009,5355,SHOREWOOD,5513800,14,0,0,1,1
WI,2009,5390,SLINGER,5513950,8,0,0,0,1
WI,2009,5432,SOMERSET,5514010,8,0,0,0,1
WI,2009,5439,S MILWAUKEE,5514040,12,0,0,1,1
WI,2009,5460,SPARTA,5514160,6,0,0,0,1
WI,2009,5474,SPOONER,5514220,8,0,0,0,1
WI,2009,5593,STANLEY BOYD,5514430,6,0,0,0,1
WI,2009,5607,STEVENS PT,5514490,46,3,0.0652,2,0.370631417
WI,2009,5614,STOCKBRIDGE,5514520,2,0,0,0,1
WI,2009,5621,STOUGHTON,5514550,6,0,0,0,1
WI,2009,5642,STURGEON BAY,5514610,8,0,0,0,1
WI,2009,5656,SUN PRAIRIE,5514640,28,0,0,1,1
WI,2009,5663,SUPERIOR,5514670,8,0,0,0,1
WI,2009,5740,TIGERTON,5514880,4,0,0,0,1
WI,2009,5747,TOMAH,5514910,18,4,0.2222,1,0.008914093
WI,2009,5754,TOMAHAWK,5514940,8,0,0,0,1
WI,2009,5817,TWIN LAKES 4,5515090,10,0,0,0,1
WI,2009,5824,TWO RIVERS,5515120,6,0,0,0,1
WI,2009,5859,UNION GRV J1,5515180,10,0,0,0,1
WI,2009,5866,VALDERS,5515210,6,0,0,0,1
WI,2009,5901,VERONA,5515330,34,0,0,2,1
WI,2009,5985,VIROQUA,5515360,6,0,0,0,1
WI,2009,602,BONDUEL,5501470,4,0,0,0,1
WI,2009,6113,WATERFORD J1,5515660,12,0,0,1,1
WI,2009,6118,WATERLOO,5515720,2,1,0.5,0,0.09217216
WI,2009,6125,WATERTOWN,5515750,16,0,0,1,1
WI,2009,6174,WAUKESHA,5515780,60,1,0.0167,3,0.945032636
WI,2009,6181,WAUNAKEE,5515810,8,0,0,0,1
WI,2009,6195,WAUPACA,5515840,8,0,0,0,1
WI,2009,6216,WAUPUN,5515870,8,0,0,0,1
WI,2009,6223,WAUSAU,5515900,40,3,0.075,2,0.292245796
WI,2009,6237,WAUTOMA,5515960,8,0,0,0,1
WI,2009,6244,WAUWATOSA,5515990,16,0,0,1,1
WI,2009,6251,WAUZEKA STEU,5516020,2,0,0,0,1
WI,2009,6293,WEBSTER,5516230,2,0,0,0,1
WI,2009,6300,WEST ALLIS,5516260,32,0,0,2,1
WI,2009,6307,WEST BEND,5516290,28,1,0.0357,1,0.74174487
WI,2009,6328,WEST DE PERE,5516320,8,0,0,0,1
WI,2009,6335,WESTFIELD,5516440,2,0,0,0,1
WI,2009,637,BOYCEVILLE C,5501590,2,0,0,0,1
WI,2009,6370,WEST SALEM,5516350,8,0,0,0,1
WI,2009,6384,WEYAUWEGA FR,5516500,4,0,0,0,1
WI,2009,6419,WHITEFISHBAY,5516620,12,0,0,1,1
WI,2009,6426,WHITEHALL,5516650,4,0,0,0,1
WI,2009,6461,WHITEWATER,5516680,8,0,0,0,1
WI,2009,6470,WHITNALL,5506000,8,0,0,0,1
WI,2009,6482,WILLIAMS BAY,5516740,6,0,0,0,1
WI,2009,658,BRILLION,5501680,4,0,0,0,1
WI,2009,6608,WINNECONNE,5516830,4,0,0,0,1
WI,2009,665,BRISTOL,5501710,10,0,0,0,1
WI,2009,6678,WIS DELLS,5517040,8,0,0,0,1
WI,2009,6685,WIS RAPIDS,5517070,28,1,0.0357,1,0.74174487
WI,2009,6692,WITTENBERG,5517100,10,0,0,0,1
WI,2009,6720,WOODRUFF J1,5517160,10,0,0,0,1
WI,2009,6734,WRIGHTSTOWN,5517190,6,0,0,0,1
WI,2009,6748,YORKVILLE J2,5517220,10,0,0,0,1
WI,2009,700,BRODHEAD,5501740,8,0,0,0,1
WI,2009,714,ELMBROOK,5501770,16,0,0,1,1
WI,2009,721,BROWN DEER,5501800,8,0,0,0,1
WI,2009,735,BRUCE,5501830,4,0,0,0,1
WI,2009,777,BURLINGTON,5501890,10,0,0,0,1
WI,2009,8105,CENTRAL CITY,5500041,10,1,0.1,0,0.383380174
WI,2009,8106,MILW AC SCI,5500042,10,0,0,0,1
WI,2009,8108,BEAM,5500044,10,0,0,0,1
WI,2009,8110,21ST CENTURY,5500045,10,0,0,0,1
WI,2009,8111,YMCA YOUNG,5500046,10,0,0,0,1
WI,2009,8112,AC OF LRN,5500115,10,0,0,0,1
WI,2009,870,CADOTT COMM,5502040,6,0,0,0,1
WI,2009,903,CAMERON,5502130,8,0,0,0,1
WI,2009,91,ALMA CENTER,5500210,6,1,0.1667,0,0.251812426
WI,2009,910,CAMPBELLSPT,5502160,2,0,0,0,1
WI,2010,1015,CEDARBURG,5502460,12,0,0,1,1
WI,2010,1029,CEDAR GROVEB,5502430,2,0,0,0,1
WI,2010,1078,CHETEK,5502490,8,0,0,0,1
WI,2010,1085,CHILTON,5502520,2,0,0,0,1
WI,2010,1092,CHIPPEWA FAL,5502550,12,0,0,1,1
WI,2010,112,ALTOONA,5500270,8,0,0,0,1
WI,2010,1134,CLINTON,5502640,6,0,0,0,1
WI,2010,1141,CLINTONVILLE,5502670,8,0,0,0,1
WI,2010,1162,COLBY,5502730,2,0,0,0,1
WI,2010,1176,COLFAX,5502790,10,0,0,0,1
WI,2010,1183,COLUMBUS,5502820,8,0,0,0,1
WI,2010,119,AMERY,5500300,8,0,0,0,1
WI,2010,1253,CUDAHY,5503060,20,0,0,1,1
WI,2010,1260,CUMBERLAND,5503090,6,0,0,0,1
WI,2010,1295,DARLINGTON,5503150,10,1,0.1,0,0.396836658
WI,2010,1316,DE FOREST,5503180,8,0,0,0,1
WI,2010,1376,KETTLEMORAIN,5503510,12,0,0,1,1
WI,2010,1380,DELAVNDARIEN,5503640,16,1,0.0625,1,0.554655695
WI,2010,14,ADAMS FRIEND,5500060,12,2,0.1667,1,0.115602937
WI,2010,140,ANTIGO,5500360,8,0,0,0,1
WI,2010,1414,DE PERE,5503210,8,0,0,0,1
WI,2010,147,APPLETON,5500390,78,2,0.0256,4,0.902222876
WI,2010,1499,DURAND,5503840,8,0,0,0,1
WI,2010,1526,NORTHLAND PI,5503860,8,1,0.125,0,0.33265878
WI,2010,154,ARCADIA,5500420,10,1,0.1,0,0.396836658
WI,2010,1540,EAST TROY,5504020,8,0,0,0,1
WI,2010,1554,EAU CLAIRE,5504050,48,2,0.0417,2,0.691821187
WI,2010,1568,EDGERTON,5504110,8,0,0,0,1
WI,2010,1638,ELKHORN,5504290,16,0,0,1,1
WI,2010,1659,ELLSWORTH,5504320,6,0,0,0,1
WI,2010,1687,ERIN,5504410,10,0,0,0,1
WI,2010,1694,EVANSVILLE,5504440,8,0,0,0,1
WI,2010,170,ASHLAND,5500510,12,0,0,1,1
WI,2010,1813,FENNIMORE,5504590,6,0,0,0,1
WI,2010,182,ASHWAUBENON,5500540,12,0,0,1,1
WI,2010,1848,LAC DU FLAMB,5504620,10,0,0,0,1
WI,2010,1862,FOND DU LAC,5504680,32,0,0,2,1
WI,2010,1883,FT ATKINSON,5504740,4,0,0,0,1
WI,2010,1897,MAPLEDALEIND,5504770,10,1,0.1,0,0.396836658
WI,2010,1900,FRANKLIN,5504830,2,0,0,0,1
WI,2010,1953,FREEDOM,5504920,4,0,0,0,1
WI,2010,2051,GENOA CTY J2,5505130,6,0,0,0,1
WI,2010,2058,GERMANTOWN,5505160,8,0,0,0,1
WI,2010,2142,GILMANTON,5505370,4,0,0,0,1
WI,2010,2184,GLENDALE RVR,5505460,8,0,0,0,1
WI,2010,2217,GRAFTON,5505610,4,0,0,0,1
WI,2010,2226,GRANTON,5505640,8,1,0.125,0,0.33265878
WI,2010,2233,GRANTSBURG,5505670,8,0,0,0,1
WI,2010,2289,GREEN BAY,5505820,102,12,0.1176,5,0.004493393
WI,2010,2296,GREENDALE,5505910,16,0,0,1,1
WI,2010,2303,GREENFIELD,5505940,12,1,0.0833,1,0.454842581
WI,2010,238,UNITY,5500750,8,1,0.125,0,0.33265878
WI,2010,2420,HAMILTON,5506030,12,0,0,1,1
WI,2010,2422,ST CROIX CEN,5506060,6,0,0,0,1
WI,2010,2443,HARTFORD J1,5506090,8,0,0,0,1
WI,2010,2460,HARTLANDL J3,5506140,12,0,0,1,1
WI,2010,2478,HAYWARD,5506270,8,0,0,0,1
WI,2010,2523,HERMAN,5506390,4,0,0,0,1
WI,2010,2527,HIGHLAND,5506420,4,0,0,0,1
WI,2010,2541,HILLSBORO,5506480,6,0,0,0,1
WI,2010,2562,HOLMEN,5506540,12,2,0.1667,1,0.115602937
WI,2010,2576,HORICON,5506570,4,0,0,0,1
WI,2010,2583,HORTONVILLE,5506600,16,0,0,1,1
WI,2010,2604,HOWARD SUAMI,5506630,10,0,0,0,1
WI,2010,2611,HUDSON,5506690,16,1,0.0625,1,0.554655695
WI,2010,2646,IOWA GRANT,5506870,10,0,0,0,1
WI,2010,2695,JANESVILLE,5507020,48,4,0.0833,2,0.210870679
WI,2010,2702,JEFFERSON,5507050,4,0,0,0,1
WI,2010,2744,DODGELAND,5507260,4,0,0,0,1
WI,2010,2758,KAUKAUNA,5507290,6,1,0.1667,0,0.261652237
WI,2010,2793,KENOSHA,5507320,110,2,0.0182,5,0.97422893
WI,2010,280,BARABOO,5500810,16,2,0.125,1,0.185151554
WI,2010,2800,KEWASKUM,5507380,4,0,0,0,1
WI,2010,2828,KIEL,5507440,6,0,0,0,1
WI,2010,2835,KIMBERLY,5507470,10,0,0,0,1
WI,2010,2849,LA CROSSE,5507530,36,1,0.0278,2,0.837981062
WI,2010,2856,LADYSMITH HK,5507590,6,0,0,0,1
WI,2010,2885,LK GENEVA J1,5507620,16,0,0,1,1
WI,2010,2898,LAKE MILLS,5507710,4,0,0,0,1
WI,2010,2912,LANCASTER,5507770,4,0,0,0,1
WI,2010,308,BARRON,5500870,6,0,0,0,1
WI,2010,3129,LITTLE CHUTE,5508160,8,0,0,0,1
WI,2010,3150,LODI,5508190,4,0,0,0,1
WI,2010,3171,LOMIRA,5508220,4,0,0,0,1
WI,2010,3220,LUXEMBURG,5508340,6,0,0,0,1
WI,2010,3269,MADISON MET,5508520,140,2,0.0143,7,0.993032698
WI,2010,3290,MANITOWOC,5508610,28,0,0,1,1
WI,2010,3297,MAPLE,5508640,4,0,0,0,1
WI,2010,3311,MARINETTE,5508700,6,0,0,0,1
WI,2010,3318,MARION,5508730,6,0,0,0,1
WI,2010,3325,MARKESAN,5508760,4,0,0,0,1
WI,2010,3332,MARSHALL,5508790,6,0,0,0,1
WI,2010,3339,MARSHFIELD,5508820,14,0,0,1,1
WI,2010,336,BEAVER DAM,5500960,20,2,0.1,1,0.258879653
WI,2010,3360,MAUSTON,5508850,8,0,0,0,1
WI,2010,3367,MAYVILLE,5508880,10,0,0,0,1
WI,2010,3381,MCFARLAND,5508910,8,0,0,0,1
WI,2010,3409,MEDFORD,5508940,8,0,0,0,1
WI,2010,3430,MENASHA,5509030,16,0,0,1,1
WI,2010,3434,MENOMINEE,5509070,4,0,0,0,1
WI,2010,3437,MENOMONEE FA,5509060,16,0,0,1,1
WI,2010,3444,MENOMONIE,5509090,12,0,0,1,1
WI,2010,3479,MEQUON THIEN,5509130,12,0,0,1,1
WI,2010,350,BELLEVILLE,5500990,6,0,0,0,1
WI,2010,3500,MERRILL,5509210,4,0,0,0,1
WI,2010,3528,MERTON,5509360,8,0,0,0,1
WI,2010,3549,MIDDLETON CR,5509510,28,0,0,1,1
WI,2010,3612,MILTON,5509570,6,0,0,0,1
WI,2010,3619,MILWAUKEE,5509600,820,113,0.1378,40,0
WI,2010,3675,MONONA GROVE,5509810,12,0,0,1,1
WI,2010,3682,MONROE,5509840,4,0,0,0,1
WI,2010,3689,MONTELLO,5509870,2,0,0,0,1
WI,2010,3787,MOSINEE,5509960,8,0,0,0,1
WI,2010,3794,MOUNT HOREB,5509990,8,0,0,0,1
WI,2010,3822,MUKWONAGO,5510060,14,1,0.0714,1,0.507270103
WI,2010,3857,MUSKEGO NORW,5510170,14,0,0,1,1
WI,2010,3862,LAKE COUNTRY,5500013,10,0,0,0,1
WI,2010,3871,NECEDAH,5510230,8,1,0.125,0,0.33265878
WI,2010,3892,NEENAH,5510320,26,0,0,1,1
WI,2010,3899,NEILLSVILLE,5510350,4,0,0,0,1
WI,2010,3906,NEKOOSA,5510380,8,0,0,0,1
WI,2010,3913,NEOSHO J3,5510410,10,0,0,0,1
WI,2010,3925,NEW BERLIN,5510470,14,1,0.0714,1,0.507270103
WI,2010,3934,NEW GLARUS,5510500,6,0,0,0,1
WI,2010,3941,NEW HOLSTEIN,5510530,4,0,0,0,1
WI,2010,3948,NEW LISBON,5510560,10,0,0,0,1
WI,2010,3955,NEW LONDON,5510590,4,0,0,0,1
WI,2010,3962,NEW RICHMOND,5510620,10,1,0.1,0,0.396836658
WI,2010,3983,N FOND DULAC,5510740,8,0,0,0,1
WI,2010,4018,OAK CREEK FR,5510830,28,1,0.0357,1,0.757217248
WI,2010,4060,OCONOMOWOC,5510890,8,0,0,0,1
WI,2010,4067,OCONTO,5510920,6,0,0,0,1
WI,2010,4074,OCONTO FALLS,5510950,4,0,0,0,1
WI,2010,4088,OMRO,5510980,4,0,0,0,1
WI,2010,4095,ONALASKA,5511010,16,0,0,1,1
WI,2010,413,BELOIT,5501050,52,2,0.0385,3,0.733279116
WI,2010,4144,OREGON,5511100,4,0,0,0,1
WI,2010,4151,PARKVIEW,5511130,8,0,0,0,1
WI,2010,4165,OSCEOLA,5511160,8,0,0,0,1
WI,2010,4179,OSHKOSH AREA,5511190,58,1,0.0172,3,0.9467251
WI,2010,422,BELOIT TURNE,5501080,8,0,0,0,1
WI,2010,4228,PARDEEVILLE,5511370,2,0,0,0,1
WI,2010,4235,PARIS J1,5511400,10,2,0.2,0,0.084057098
WI,2010,4270,PEPIN,5511580,6,0,0,0,1
WI,2010,4305,PESHTIGO,5511610,8,0,0,0,1
WI,2010,4312,PEWAUKEE,5511640,6,0,0,0,1
WI,2010,434,BERLIN AREA,5501140,8,0,0,0,1
WI,2010,4368,PITTSVILLE,5511790,10,0,0,0,1
WI,2010,4389,PLATTEVILLE,5511850,6,0,0,0,1
WI,2010,4459,PLUM CITY,5511880,4,0,0,0,1
WI,2010,4501,PORTAGE,5512060,24,1,0.0417,1,0.702803388
WI,2010,4515,PORT WASH,5512000,8,1,0.125,0,0.33265878
WI,2010,4529,POTOSI,5512090,4,0,0,0,1
WI,2010,4536,POYNETTE,5512120,4,0,0,0,1
WI,2010,4543,PRAIR DU CH,5512150,10,0,0,0,1
WI,2010,4578,PRESCOTT,5512240,4,0,0,0,1
WI,2010,4613,PULASKI,5512330,8,0,0,0,1
WI,2010,4620,RACINE,5512360,96,6,0.0625,5,0.336038146
WI,2010,4627,RANDALL J1,5512390,10,0,0,0,1
WI,2010,4753,REEDSBURG,5512660,8,0,0,0,1
WI,2010,476,BLACK RIVER,5501260,6,0,0,0,1
WI,2010,4781,RHINELANDER,5512720,6,0,0,0,1
WI,2010,4802,RICE LAKE,5512810,8,1,0.125,0,0.33265878
WI,2010,4843,FRIESS LAKE,5512880,10,0,0,0,1
WI,2010,485,BLAIR TAYLOR,5500016,2,0,0,0,1
WI,2010,4851,RICHLAND,5512960,4,0,0,0,1
WI,2010,4872,RIPON,5513020,8,0,0,0,1
WI,2010,4893,RIVER FALLS,5513050,8,0,0,0,1
WI,2010,4956,ROSENDALE BR,5513100,4,0,0,0,1
WI,2010,497,BLOOMER,5501350,2,0,0,0,1
WI,2010,4970,D C EVEREST,5513170,18,0,0,1,1
WI,2010,4998,RUBICON J6,5513200,10,1,0.1,0,0.396836658
WI,2010,5019,ST CROIX FAL,5513230,8,2,0.25,0,0.055810797
WI,2010,5026,ST FRANCIS,5513260,8,0,0,0,1
WI,2010,5068,SALEM,5513350,10,0,0,0,1
WI,2010,5100,SAUK PRAIRIE,5513410,8,0,0,0,1
WI,2010,5138,SEYMOUR,5513530,8,0,0,0,1
WI,2010,5264,SHAWANO,5513620,10,0,0,0,1
WI,2010,5271,SHEBOYGAN,5513650,48,0,0,2,1
WI,2010,5278,SHEBOYGAN FA,5513680,8,0,0,0,1
WI,2010,5355,SHOREWOOD,5513800,14,0,0,1,1
WI,2010,5390,SLINGER,5513950,4,0,0,0,1
WI,2010,5432,SOMERSET,5514010,8,0,0,0,1
WI,2010,5439,S MILWAUKEE,5514040,16,0,0,1,1
WI,2010,5457,SOUTHRN DOOR,5514130,4,0,0,0,1
WI,2010,5460,SPARTA,5514160,6,0,0,0,1
WI,2010,5467,SPENCER,5514190,4,0,0,0,1
WI,2010,5474,SPOONER,5514220,8,0,0,0,1
WI,2010,5607,STEVENS PT,5514490,28,0,0,1,1
WI,2010,5621,STOUGHTON,5514550,10,0,0,0,1
WI,2010,5642,STURGEON BAY,5514610,8,0,0,0,1
WI,2010,5656,SUN PRAIRIE,5514640,32,1,0.0313,2,0.80166845
WI,2010,5663,SUPERIOR,5514670,24,0,0,1,1
WI,2010,5747,TOMAH,5514910,18,0,0,1,1
WI,2010,5754,TOMAHAWK,5514940,8,0,0,0,1
WI,2010,5810,TURTLE LAKE,5515060,10,1,0.1,0,0.396836658
WI,2010,5817,TWIN LAKES 4,5515090,10,0,0,0,1
WI,2010,5824,TWO RIVERS,5515120,8,0,0,0,1
WI,2010,5859,UNION GRV J1,5515180,10,0,0,0,1
WI,2010,5901,VERONA,5515330,20,1,0.05,1,0.636193983
WI,2010,5985,VIROQUA,5515360,6,0,0,0,1
WI,2010,602,BONDUEL,5501470,4,0,0,0,1
WI,2010,6022,WALWORTH J1,5515450,10,1,0.1,0,0.396836658
WI,2010,6027,WASHBURN,5515540,8,0,0,0,1
WI,2010,6113,WATERFORD J1,5515660,8,0,0,0,1
WI,2010,6118,WATERLOO,5515720,6,0,0,0,1
WI,2010,6125,WATERTOWN,5515750,16,0,0,1,1
WI,2010,616,N LAKELAND,5501530,10,0,0,0,1
WI,2010,6174,WAUKESHA,5515780,76,3,0.0395,4,0.729697916
WI,2010,6181,WAUNAKEE,5515810,8,0,0,0,1
WI,2010,6195,WAUPACA,5515840,8,0,0,0,1
WI,2010,6223,WAUSAU,5515900,36,0,0,2,1
WI,2010,6237,WAUTOMA,5515960,8,0,0,0,1
WI,2010,6244,WAUWATOSA,5515990,24,0,0,1,1
WI,2010,6300,WEST ALLIS,5516260,36,1,0.0278,2,0.837981062
WI,2010,6307,WEST BEND,5516290,32,0,0,2,1
WI,2010,6328,WEST DE PERE,5516320,12,0,0,1,1
WI,2010,6335,WESTFIELD,5516440,8,2,0.25,0,0.055810797
WI,2010,6354,WESTON,5516470,4,0,0,0,1
WI,2010,6370,WEST SALEM,5516350,8,0,0,0,1
WI,2010,6384,WEYAUWEGA FR,5516500,4,0,0,0,1
WI,2010,6419,WHITEFISHBAY,5516620,12,0,0,1,1
WI,2010,6461,WHITEWATER,5516680,4,0,0,0,1
WI,2010,6470,WHITNALL,5506000,12,0,0,1,1
WI,2010,6482,WILLIAMS BAY,5516740,6,0,0,0,1
WI,2010,6608,WINNECONNE,5516830,6,1,0.1667,0,0.261652237
WI,2010,665,BRISTOL,5501710,10,0,0,0,1
WI,2010,6678,WIS DELLS,5517040,8,1,0.125,0,0.33265878
WI,2010,6685,WIS RAPIDS,5517070,16,0,0,1,1
WI,2010,6692,WITTENBERG,5517100,10,0,0,0,1
WI,2010,700,BRODHEAD,5501740,4,0,0,0,1
WI,2010,714,ELMBROOK,5501770,24,0,0,1,1
WI,2010,721,BROWN DEER,5501800,8,0,0,0,1
WI,2010,777,BURLINGTON,5501890,8,1,0.125,0,0.33265878
WI,2010,8105,CENTRAL CITY,5500041,10,0,0,0,1
WI,2010,8106,MILW AC SCI,5500042,10,2,0.2,0,0.084057098
WI,2010,8108,BEAM,5500044,10,0,0,0,1
WI,2010,8109,DLH AC,5500047,10,0,0,0,1
WI,2010,8110,21ST CENTURY,5500045,10,0,0,0,1
WI,2010,8111,YMCA YOUNG,5500046,10,0,0,0,1
WI,2010,8112,AC OF LRN,5500115,10,0,0,0,1
WI,2010,8121,SEEDS OF HEAL,5500057,8,0,0,0,1
WI,2010,8122,MILWRENAISSAN,5500055,2,0,0,0,1
WI,2010,84,ALMA,5500180,8,0,0,0,1
WI,2010,870,CADOTT COMM,5502040,2,0,0,0,1
WI,2010,896,CAMBRIDGE,5502100,4,0,0,0,1
WI,2010,903,CAMERON,5502130,8,0,0,0,1
WI,2010,91,ALMA CENTER,5500210,6,0,0,0,1
WI,2010,994,CASSVILLE,5502400,4,1,0.25,0,0.183090445
WI,2011,1015,CEDARBURG,5502460,8,0,0,0,1
WI,2011,1085,CHILTON,5502520,6,0,0,0,1
WI,2011,1092,CHIPPEWA FAL,5502550,20,0,0,1,1
WI,2011,112,ALTOONA,5500270,8,0,0,0,1
WI,2011,1134,CLINTON,5502640,8,0,0,0,1
WI,2011,1141,CLINTONVILLE,5502670,8,0,0,0,1
WI,2011,1176,COLFAX,5502790,10,0,0,0,1
WI,2011,1183,COLUMBUS,5502820,8,0,0,0,1
WI,2011,119,AMERY,5500300,4,0,0,0,1
WI,2011,1218,CRANDON,5502910,4,1,0.25,0,0.184807633
WI,2011,1253,CUDAHY,5503060,14,0,0,1,1
WI,2011,1260,CUMBERLAND,5503090,6,1,0.1667,0,0.263979083
WI,2011,1316,DE FOREST,5503180,8,0,0,0,1
WI,2011,1376,KETTLEMORAIN,5503510,8,0,0,0,1
WI,2011,1380,DELAVNDARIEN,5503640,16,0,0,1,1
WI,2011,14,ADAMS FRIEND,5500060,8,0,0,0,1
WI,2011,140,ANTIGO,5500360,4,0,0,0,1
WI,2011,1414,DE PERE,5503210,10,0,0,0,1
WI,2011,147,APPLETON,5500390,82,3,0.0366,4,0.781329243
WI,2011,1526,NORTHLAND PI,5503860,8,0,0,0,1
WI,2011,154,ARCADIA,5500420,10,0,0,0,1
WI,2011,1540,EAST TROY,5504020,8,0,0,0,1
WI,2011,1554,EAU CLAIRE,5504050,56,0,0,3,1
WI,2011,1568,EDGERTON,5504110,8,0,0,0,1
WI,2011,1638,ELKHORN,5504290,16,0,0,1,1
WI,2011,1645,ELK MOUND,5504230,2,0,0,0,1
WI,2011,1659,ELLSWORTH,5504320,6,0,0,0,1
WI,2011,1673,ROYALL,5504380,2,0,0,0,1
WI,2011,1687,ERIN,5504410,10,0,0,0,1
WI,2011,1694,EVANSVILLE,5504440,4,0,0,0,1
WI,2011,170,ASHLAND,5500510,12,0,0,1,1
WI,2011,1729,FALL CREEK,5504500,4,0,0,0,1
WI,2011,182,ASHWAUBENON,5500540,12,0,0,1,1
WI,2011,1862,FOND DU LAC,5504680,36,1,0.0278,2,0.841020569
WI,2011,1883,FT ATKINSON,5504740,12,0,0,1,1
WI,2011,1890,FOX POINT J2,5504800,2,0,0,0,1
WI,2011,1897,MAPLEDALEIND,5504770,10,0,0,0,1
WI,2011,1900,FRANKLIN,5504830,14,0,0,1,1
WI,2011,1945,NORTH OZAU,5504890,16,0,0,1,1
WI,2011,1953,FREEDOM,5504920,4,0,0,0,1
WI,2011,2009,GALESVILLEET,5504960,6,0,0,0,1
WI,2011,2051,GENOA CTY J2,5505130,8,0,0,0,1
WI,2011,2058,GERMANTOWN,5505160,4,0,0,0,1
WI,2011,2128,GILLETT,5505250,4,0,0,0,1
WI,2011,2142,GILMANTON,5505370,4,0,0,0,1
WI,2011,217,AUGUSTA,5500630,4,0,0,0,1
WI,2011,2184,GLENDALE RVR,5505460,8,0,0,0,1
WI,2011,2217,GRAFTON,5505610,4,0,0,0,1
WI,2011,2226,GRANTON,5505640,8,0,0,0,1
WI,2011,2233,GRANTSBURG,5505670,8,0,0,0,1
WI,2011,2240,BLACK HAWK,5505730,8,1,0.125,0,0.335461405
WI,2011,2289,GREEN BAY,5505820,102,7,0.0686,5,0.245977828
WI,2011,2296,GREENDALE,5505910,12,0,0,1,1
WI,2011,2303,GREENFIELD,5505940,20,1,0.05,1,0.640001641
WI,2011,238,UNITY,5500750,6,0,0,0,1
WI,2011,2420,HAMILTON,5506030,16,1,0.0625,1,0.558388456
WI,2011,2422,ST CROIX CEN,5506060,8,0,0,0,1
WI,2011,2443,HARTFORD J1,5506090,8,0,0,0,1
WI,2011,2460,HARTLANDL J3,5506140,8,0,0,0,1
WI,2011,2478,HAYWARD,5506270,8,0,0,0,1
WI,2011,2523,HERMAN,5506390,6,0,0,0,1
WI,2011,2562,HOLMEN,5506540,16,2,0.125,1,0.188070546
WI,2011,2576,HORICON,5506570,4,0,0,0,1
WI,2011,2583,HORTONVILLE,5506600,16,0,0,1,1
WI,2011,2604,HOWARD SUAMI,5506630,10,0,0,0,1
WI,2011,2611,HUDSON,5506690,16,0,0,1,1
WI,2011,2695,JANESVILLE,5507020,48,4,0.0833,2,0.215930585
WI,2011,2702,JEFFERSON,5507050,4,0,0,0,1
WI,2011,2730,JOHNSONCREEK,5507170,6,0,0,0,1
WI,2011,2744,DODGELAND,5507260,8,0,0,0,1
WI,2011,2758,KAUKAUNA,5507290,6,0,0,0,1
WI,2011,2793,KENOSHA,5507320,118,4,0.0339,6,0.844328119
WI,2011,280,BARABOO,5500810,16,0,0,1,1
WI,2011,2800,KEWASKUM,5507380,8,0,0,0,1
WI,2011,2828,KIEL,5507440,6,0,0,0,1
WI,2011,2835,KIMBERLY,5507470,14,1,0.0714,1,0.510885695
WI,2011,2849,LA CROSSE,5507530,32,2,0.0625,2,0.477905917
WI,2011,2856,LADYSMITH HK,5507590,6,0,0,0,1
WI,2011,2885,LK GENEVA J1,5507620,16,0,0,1,1
WI,2011,2898,LAKE MILLS,5507710,6,0,0,0,1
WI,2011,308,BARRON,5500870,10,0,0,0,1
WI,2011,3129,LITTLE CHUTE,5508160,8,1,0.125,0,0.335461405
WI,2011,3150,LODI,5508190,8,0,0,0,1
WI,2011,3220,LUXEMBURG,5508340,8,0,0,0,1
WI,2011,3269,MADISON MET,5508520,138,9,0.0652,7,0.250674991
WI,2011,3290,MANITOWOC,5508610,22,0,0,1,1
WI,2011,3297,MAPLE,5508640,4,0,0,0,1
WI,2011,3311,MARINETTE,5508700,8,0,0,0,1
WI,2011,3332,MARSHALL,5508790,8,0,0,0,1
WI,2011,3339,MARSHFIELD,5508820,14,1,0.0714,1,0.510885695
WI,2011,336,BEAVER DAM,5500960,12,1,0.0833,1,0.45827321
WI,2011,3360,MAUSTON,5508850,12,1,0.0833,1,0.45827321
WI,2011,3367,MAYVILLE,5508880,10,0,0,0,1
WI,2011,3381,MCFARLAND,5508910,8,0,0,0,1
WI,2011,3409,MEDFORD,5508940,6,0,0,0,1
WI,2011,3428,MELROSE MIND,5509000,2,0,0,0,1
WI,2011,3430,MENASHA,5509030,16,0,0,1,1
WI,2011,3434,MENOMINEE,5509070,8,0,0,0,1
WI,2011,3437,MENOMONEE FA,5509060,12,0,0,1,1
WI,2011,3444,MENOMONIE,5509090,16,2,0.125,1,0.188070546
WI,2011,3479,MEQUON THIEN,5509130,16,1,0.0625,1,0.558388456
WI,2011,3500,MERRILL,5509210,4,0,0,0,1
WI,2011,3510,SWALLOW,5509240,10,1,0.1,0,0.400001367
WI,2011,3549,MIDDLETON CR,5509510,28,1,0.0357,1,0.760767196
WI,2011,3612,MILTON,5509570,6,0,0,0,1
WI,2011,3619,MILWAUKEE,5509600,788,115,0.1459,39,0
WI,2011,3640,MINOCQUA J1,5509690,10,0,0,0,1
WI,2011,3675,MONONA GROVE,5509810,8,0,0,0,1
WI,2011,3682,MONROE,5509840,4,0,0,0,1
WI,2011,3787,MOSINEE,5509960,8,0,0,0,1
WI,2011,3794,MOUNT HOREB,5509990,8,0,0,0,1
WI,2011,3822,MUKWONAGO,5510060,20,1,0.05,1,0.640001641
WI,2011,3857,MUSKEGO NORW,5510170,14,0,0,1,1
WI,2011,3871,NECEDAH,5510230,8,0,0,0,1
WI,2011,3892,NEENAH,5510320,20,0,0,1,1
WI,2011,3906,NEKOOSA,5510380,8,0,0,0,1
WI,2011,3925,NEW BERLIN,5510470,16,0,0,1,1
WI,2011,3941,NEW HOLSTEIN,5510530,8,0,0,0,1
WI,2011,3948,NEW LISBON,5510560,6,1,0.1667,0,0.263979083
WI,2011,3955,NEW LONDON,5510590,6,0,0,0,1
WI,2011,3962,NEW RICHMOND,5510620,16,0,0,1,1
WI,2011,3969,NIAGARA,5510680,6,1,0.1667,0,0.263979083
WI,2011,3983,N FOND DULAC,5510740,8,0,0,0,1
WI,2011,4018,OAK CREEK FR,5510830,24,0,0,1,1
WI,2011,4060,OCONOMOWOC,5510890,16,0,0,1,1
WI,2011,4067,OCONTO,5510920,8,0,0,0,1
WI,2011,4074,OCONTO FALLS,5510950,8,0,0,0,1
WI,2011,4088,OMRO,5510980,4,0,0,0,1
WI,2011,4095,ONALASKA,5511010,12,0,0,1,1
WI,2011,413,BELOIT,5501050,40,1,0.025,2,0.870401181
WI,2011,4144,OREGON,5511100,8,0,0,0,1
WI,2011,4151,PARKVIEW,5511130,8,0,0,0,1
WI,2011,4165,OSCEOLA,5511160,4,0,0,0,1
WI,2011,4179,OSHKOSH AREA,5511190,60,1,0.0167,3,0.953344638
WI,2011,422,BELOIT TURNE,5501080,8,0,0,0,1
WI,2011,4228,PARDEEVILLE,5511370,2,0,0,0,1
WI,2011,4270,PEPIN,5511580,4,1,0.25,0,0.184807633
WI,2011,4305,PESHTIGO,5511610,6,0,0,0,1
WI,2011,4312,PEWAUKEE,5511640,6,0,0,0,1
WI,2011,434,BERLIN AREA,5501140,8,0,0,0,1
WI,2011,4368,PITTSVILLE,5511790,10,0,0,0,1
WI,2011,4389,PLATTEVILLE,5511850,8,0,0,0,1
WI,2011,4473,PLYMOUTH,5511940,6,0,0,0,1
WI,2011,4501,PORTAGE,5512060,26,0,0,1,1
WI,2011,4515,PORT WASH,5512000,6,0,0,0,1
WI,2011,4536,POYNETTE,5512120,4,0,0,0,1
WI,2011,4578,PRESCOTT,5512240,4,0,0,0,1
WI,2011,4606,PRINCETON,5512300,10,2,0.2,0,0.08554197
WI,2011,4613,PULASKI,5512330,8,0,0,0,1
WI,2011,4620,RACINE,5512360,92,4,0.0435,5,0.677918205
WI,2011,4627,RANDALL J1,5512390,10,0,0,0,1
WI,2011,4634,RANDOLPH,5512420,10,0,0,0,1
WI,2011,4641,RANDOM LAKE,5512450,6,0,0,0,1
WI,2011,4690,NORTH CAPE,5512510,10,0,0,0,1
WI,2011,4753,REEDSBURG,5512660,12,0,0,1,1
WI,2011,476,BLACK RIVER,5501260,6,0,0,0,1
WI,2011,4781,RHINELANDER,5512720,4,0,0,0,1
WI,2011,4802,RICE LAKE,5512810,14,0,0,1,1
WI,2011,485,BLAIR TAYLOR,5500016,2,0,0,0,1
WI,2011,4851,RICHLAND,5512960,4,0,0,0,1
WI,2011,4872,RIPON,5513020,4,0,0,0,1
WI,2011,4893,RIVER FALLS,5513050,14,0,0,1,1
WI,2011,4963,ROSHOLT,5513140,4,0,0,0,1
WI,2011,4970,D C EVEREST,5513170,22,0,0,1,1
WI,2011,4998,RUBICON J6,5513200,10,3,0.3,0,0.011378267
WI,2011,5019,ST CROIX FAL,5513230,8,0,0,0,1
WI,2011,5026,ST FRANCIS,5513260,8,0,0,0,1
WI,2011,5068,SALEM,5513350,10,0,0,0,1
WI,2011,5100,SAUK PRAIRIE,5513410,8,1,0.125,0,0.335461405
WI,2011,5138,SEYMOUR,5513530,4,0,0,0,1
WI,2011,5264,SHAWANO,5513620,10,0,0,0,1
WI,2011,5271,SHEBOYGAN,5513650,44,2,0.0455,2,0.650723504
WI,2011,5278,SHEBOYGAN FA,5513680,8,0,0,0,1
WI,2011,5306,SHELL LAKE,5513710,6,0,0,0,1
WI,2011,5355,SHOREWOOD,5513800,14,0,0,1,1
WI,2011,5390,SLINGER,5513950,8,0,0,0,1
WI,2011,5432,SOMERSET,5514010,6,0,0,0,1
WI,2011,5439,S MILWAUKEE,5514040,12,0,0,1,1
WI,2011,5460,SPARTA,5514160,6,0,0,0,1
WI,2011,5467,SPENCER,5514190,4,0,0,0,1
WI,2011,5474,SPOONER,5514220,8,0,0,0,1
WI,2011,5593,STANLEY BOYD,5514430,6,0,0,0,1
WI,2011,5607,STEVENS PT,5514490,40,0,0,2,1
WI,2011,5621,STOUGHTON,5514550,12,0,0,1,1
WI,2011,5642,STURGEON BAY,5514610,8,0,0,0,1
WI,2011,5656,SUN PRAIRIE,5514640,28,0,0,1,1
WI,2011,5663,SUPERIOR,5514670,12,0,0,1,1
WI,2011,5747,TOMAH,5514910,18,2,0.1111,1,0.225131021
WI,2011,5754,TOMAHAWK,5514940,8,0,0,0,1
WI,2011,5757,FLAMBEAU,5514970,4,1,0.25,0,0.184807633
WI,2011,5817,TWIN LAKES 4,5515090,10,1,0.1,0,0.400001367
WI,2011,5824,TWO RIVERS,5515120,6,0,0,0,1
WI,2011,5859,UNION GRV J1,5515180,10,1,0.1,0,0.400001367
WI,2011,5866,VALDERS,5515210,8,0,0,0,1
WI,2011,5901,VERONA,5515330,34,3,0.0882,2,0.238822071
WI,2011,5985,VIROQUA,5515360,6,0,0,0,1
WI,2011,602,BONDUEL,5501470,8,0,0,0,1
WI,2011,6022,WALWORTH J1,5515450,10,0,0,0,1
WI,2011,6113,WATERFORD J1,5515660,2,0,0,0,1
WI,2011,6118,WATERLOO,5515720,2,0,0,0,1
WI,2011,6125,WATERTOWN,5515750,12,0,0,1,1
WI,2011,616,N LAKELAND,5501530,10,0,0,0,1
WI,2011,6174,WAUKESHA,5515780,36,0,0,2,1
WI,2011,6181,WAUNAKEE,5515810,6,0,0,0,1
WI,2011,6195,WAUPACA,5515840,8,0,0,0,1
WI,2011,6216,WAUPUN,5515870,4,0,0,0,1
WI,2011,6223,WAUSAU,5515900,40,0,0,2,1
WI,2011,623,BOWLER,5501560,6,0,0,0,1
WI,2011,6237,WAUTOMA,5515960,8,0,0,0,1
WI,2011,6244,WAUWATOSA,5515990,26,0,0,1,1
WI,2011,6300,WEST ALLIS,5516260,42,2,0.0476,2,0.625418155
WI,2011,6307,WEST BEND,5516290,24,0,0,1,1
WI,2011,6321,WESTBY,5516410,6,0,0,0,1
WI,2011,6328,WEST DE PERE,5516320,12,0,0,1,1
WI,2011,6370,WEST SALEM,5516350,8,0,0,0,1
WI,2011,6384,WEYAUWEGA FR,5516500,4,0,0,0,1
WI,2011,6419,WHITEFISHBAY,5516620,12,0,0,1,1
WI,2011,6461,WHITEWATER,5516680,8,1,0.125,0,0.335461405
WI,2011,6470,WHITNALL,5506000,8,0,0,0,1
WI,2011,6482,WILLIAMS BAY,5516740,6,0,0,0,1
WI,2011,658,BRILLION,5501680,4,0,0,0,1
WI,2011,6608,WINNECONNE,5516830,4,0,0,0,1
WI,2011,665,BRISTOL,5501710,10,0,0,0,1
WI,2011,6678,WIS DELLS,5517040,8,0,0,0,1
WI,2011,6685,WIS RAPIDS,5517070,24,0,0,1,1
WI,2011,6692,WITTENBERG,5517100,20,1,0.05,1,0.640001641
WI,2011,6748,YORKVILLE J2,5517220,10,0,0,0,1
WI,2011,7,ABBOTSFORD,5500030,4,0,0,0,1
WI,2011,700,BRODHEAD,5501740,4,0,0,0,1
WI,2011,714,ELMBROOK,5501770,24,0,0,1,1
WI,2011,721,BROWN DEER,5501800,8,0,0,0,1
WI,2011,777,BURLINGTON,5501890,10,1,0.1,0,0.400001367
WI,2011,8101,DOWNTOWN MO,5500039,2,0,0,0,1
WI,2011,8105,CENTRAL CITY,5500041,10,0,0,0,1
WI,2011,8106,MILW AC SCI,5500042,10,0,0,0,1
WI,2011,8108,BEAM,5500044,10,1,0.1,0,0.400001367
WI,2011,8109,DLH AC,5500047,10,0,0,0,1
WI,2011,8110,21ST CENTURY,5500045,10,0,0,0,1
WI,2011,8111,YMCA YOUNG,5500046,10,0,0,0,1
WI,2011,8113,WOODLANDS,5500113,10,0,0,0,1
WI,2011,8114,CAPITOL WEST,5500114,8,0,0,0,1
WI,2011,8121,SEEDS OF HEAL,5500057,10,0,0,0,1
WI,2011,8122,MILWRENAISSAN,5500055,2,1,0.5,0,0.09711996
WI,2011,896,CAMBRIDGE,5502100,4,0,0,0,1
WI,2011,903,CAMERON,5502130,8,0,0,0,1
